,id,Ano,titulo,genero,publico,renda
8,8,2019,A Caminho De Casa,Ficção,652641.0,9445705.0
12,12,2019,A Cinco Passos De Você,Ficção,1346982.0,19364671.0
18,18,2019,A Família Addams,Animação,1622344.0,24330901.0
20,20,2019,A Favorita,Ficção,254709.0,4988357.0
34,34,2019,A Maldição Da Chorona,Ficção,361053.0,5617449.0
39,39,2019,A Morte Te Dá Parabéns 2,Ficção,595463.0,8504116.0
74,74,2019,Abominável,Animação,1026553.0,15115285.0
77,77,2019,Ad Astra,Ficção,360557.0,6839419.0
80,80,2019,After,Ficção,263616.0,3902213.0
81,82,2019,Aladdin,Ficção,4788803.0,80060751.0
85,86,2019,Alita: Anjo De Combate,Ficção,1028151.0,16823123.0
99,100,2019,Angry Birds 2 - O Filme,Animação,891264.0,12436382.0
102,103,2019,Annabelle 3: De Volta Para Casa,Ficção,1782048.0,26401779.0
107,108,2019,Aquaman,Ficção,2919358.0,46807467.0
117,118,2019,As Panteras,Ficção,453400.0,6866235.0
127,129,2019,Bacurau,Ficção,735191.0,11284729.0
140,142,2019,Brincando Com Fogo,Ficção,310681.0,4080813.0
141,143,2019,Brinquedo Assassino,Ficção,270135.0,4006857.0
144,146,2019,Bumblebee,Ficção,895771.0,12929065.0
152,154,2019,Capitã Marvel,Ficção,8991777.0,146759329.0
160,163,2019,Cemitério Maldito,Ficção,550885.0,8395749.0
168,171,2019,Cinderela Pop,Ficção,476714.0,6433928.0
174,177,2019,Como Treinar O Seu Dragão 3,Animação,3940204.0,58484475.0
178,181,2019,Coringa,Ficção,9746101.0,156781766.0
179,182,2019,Creed Ii,Ficção,675952.0,10549383.0
190,193,2019,De Pernas Pro Ar 3,Ficção,1838298.0,28463297.0
198,201,2019,Detetives do Prédio Azul 2 - O Mistério Italiano,Ficção,442552.0,5690622.0
203,207,2019,Divaldo – O Mensageiro Da Paz,Ficção,430704.0,6807617.0
213,217,2019,Dora E A Cidade Perdida,Ficção,594019.0,8909795.0
214,218,2019,Doutor Sono,Ficção,301443.0,4900013.0
216,220,2019,Dragon Ball Super: Broly,Animação,1293065.0,18119055.0
219,224,2019,Dumbo,Ficção,1849624.0,29682018.0
221,226,2019,"Ela Disse, Ele Disse",Ficção,244984.0,3457573.0
231,237,2019,Entre Facas E Segredos,Ficção,470691.0,8330101.0
235,241,2019,Era Uma Vez Em Hollywood,Ficção,737582.0,14332441.0
237,243,2019,Escape Room,Ficção,528354.0,7948397.0
262,268,2019,Ford Vs Ferrari,Ficção,289247.0,5865540.0
268,274,2019,Godzilla Ii – Rei Dos Monstros,Ficção,531661.0,8406747.0
270,276,2019,Green Book - O Guia,Ficção,620789.0,12754466.0
285,291,2019,Homem-Aranha Longe De Casa,Ficção,6555353.0,106552456.0
286,292,2019,Homem-Aranha No Aranhaverso,Animação,2057620.0,31259777.0
301,307,2019,Invasão Ao Serviço Secreto,Ficção,485206.0,7642791.0
302,308,2019,It - Capítulo Dois,Ficção,3152655.0,47683860.0
307,313,2019,John Wick 3: Parabellum,Ficção,1003691.0,15699846.0
317,323,2019,Kardec,Ficção,749256.0,11849901.0
340,346,2019,Mais Que Vencedores,Ficção,746264.0,9634557.0
343,349,2019,Malévola: Dona Do Mal,Ficção,5786301.0,91400055.0
368,374,2019,Mib: Homens De Preto - Internacional,Ficção,982092.0,16333360.0
379,385,2019,Minha Mãe é uma Peça 3,Ficção,2419335.0,38002653.0
381,387,2019,Minha Vida Em Marte,Ficção,4309790.0,66396078.0
393,399,2019,Máquinas Mortais,Ficção,331309.0,5256817.0
395,401,2019,Nada A Perder 2,Ficção,6189465.0,59750402.0
409,415,2019,Nós,Ficção,509920.0,8364265.0
430,436,2019,O Exterminador Do Futuro: Destino Sombrio,Ficção,1024351.0,16167184.0
456,462,2019,O Parque Dos Sonhos,Animação,776716.0,11838012.0
466,472,2019,O Rei Leão,Ficção,16242804.0,265786968.0
499,505,2019,Os Parças 2,Ficção,1305768.0,18510213.0
512,518,2019,Patrulha Canina: Superfilhotes,Animação,483759.0,7120113.0
523,529,2019,Pets: A Vida Secreta Dos Bichos 2,Ficção,1923826.0,27680064.0
529,535,2019,Pokémon Detetive Pikachu,Ficção,1136105.0,17798274.0
533,539,2019,Projeto Gemini,Ficção,821564.0,13510090.0
556,562,2019,Rocketman,Ficção,733230.0,15085447.0
558,564,2019,"Sai De Baixo, O Filme",Ficção,469143.0,6925410.0
570,576,2019,Shazam!,Ficção,2926706.0,47911729.0
578,584,2019,Star Wars: A Ascensão Skywalker,Ficção,2129669.0,41213887.0
583,589,2019,Superação - O Milagre Da Fé,Ficção,1719931.0,24956917.0
611,617,2019,Toy Story 4,Animação,7955544.0,124444046.0
617,623,2019,Turma Da Mônica - Laços,Ficção,2125813.0,30391984.0
636,642,2019,Uma Aventura Lego 2,Ficção,402456.0,6336439.0
639,645,2019,Uma Segunda Chance Para Amar,Ficção,514041.0,7717646.0
644,650,2019,Vai Que Cola 2 - O Começo,Ficção,803483.0,11894966.0
646,652,2019,Velozes & Furiosos: Hobbs & Shaw,Ficção,2743585.0,44242089.0
654,660,2019,Vidro,Ficção,1365681.0,22391507.0
656,662,2019,Vingadores: Ultimato,Ficção,19656467.0,338624881.0
666,672,2019,Wifi Ralph,Animação,4399733.0,64838207.0
668,674,2019,X-Men: Fênix Negra,Ficção,3330607.0,54347798.0
670,676,2019,Yesterday,Ficção,624607.0,12078909.0
675,681,2019,Zumbilândia: Atire Duas Vezes,Ficção,287152.0,4185690.0
708,714,2018,A Forma Da Água,Ficção,863371.0,15264748.0
709,715,2018,A Freira,Ficção,5293026.0,76375810.0
718,724,2018,A Maldição Da Casa Winchester,Ficção,732481.0,10333087.0
758,764,2018,Alfa,Ficção,508192.0,7754800.0
771,777,2018,Animais Fantásticos: Os Crimes De Grindelwald,Ficção,3550891.0,59301701.0
779,785,2018,Aquaman,Ficção,5584309.0,92326364.0
782,788,2018,Arranha-Céu : Coragem Sem Limite,Ficção,947992.0,14516464.0
810,816,2018,Bohemian Rhapsody,Ficção,546117.0,10354321.0
816,822,2018,Bumblebee,Ficção,708341.0,11572418.0
821,827,2018,Cadáver,Ficção,437566.0,5953195.0
835,841,2018,Christopher Robin - Um Reencontro Inesquecível,Ficção,292386.0,4453661.0
840,846,2018,Cinquenta Tons De Liberdade,Ficção,4331153.0,64423845.0
845,851,2018,"Com Amor, Simon",Ficção,320226.0,4904427.0
867,873,2018,Crô Em Familia,Ficção,478114.0,6822165.0
871,877,2018,Círculo De Fogo: A Revolta,Ficção,847022.0,12777658.0
878,884,2018,De Repente Uma Família,Ficção,328085.0,4713271.0
880,886,2018,Deadpool 2,Ficção,4601084.0,66934777.0
888,894,2018,Detetives do Prédio Azul 2 - O Mistério Italiano,Ficção,884775.0,12333886.0
890,896,2018,Deus Não Esta Morto: Uma Luz Na Escuridão,Ficção,272797.0,3743518.0
933,939,2018,Eu Só Posso Imaginar,Ficção,253348.0,3729448.0
937,943,2018,Exorcismos E Demônios,Ficção,307908.0,4448092.0
939,945,2018,Extraordinário*,Ficção,2499804.0,36569687.0
942,948,2018,"Fala Sério, Mãe!*",Ficção,2028293.0,27397427.0
957,963,2018,Goosebumps: Halloween Assombrado,Ficção,338533.0,4730749.0
964,970,2018,Halloween,Ficção,1122367.0,15857255.0
965,971,2018,Han Solo: Uma Historia Star Wars,Ficção,703668.0,13028042.0
970,976,2018,Hereditário,Ficção,253611.0,3628444.0
977,983,2018,Homem-Formiga E A Vespa,Ficção,3257029.0,50051271.0
980,986,2018,Hotel Transilvânia 3: Férias Monstruosas,Animação,5375364.0,74786196.0
992,998,2018,Jogador Nº1,Ficção,1157305.0,20037792.0
998,1004,2018,Jovens Titãs Em Ação! Nos Cinemas,Animação,1012555.0,13786217.0
1001,1007,2018,Jumanji: Bem-Vindo à Selva*,Ficção,4515253.0,70389302.0
1003,1009,2018,Jurassic World - Reino Ameaçado,Ficção,5258742.0,80619075.0
1026,1032,2018,Mamma Mia! Lá Vamos Nós De Novo,Ficção,801037.0,14030706.0
1037,1043,2018,Maze Runner: A Cura Mortal,Ficção,1444963.0,22673859.0
1042,1048,2018,Megatubarão,Ficção,1882462.0,29378599.0
1062,1068,2018,Minha Vida Em Marte,Ficção,925411.0,14715902.0
1066,1072,2018,Missão: Impossível - Efeito Fallout,Ficção,2550784.0,44626592.0
1084,1090,2018,Nada A Perder,Ficção,12184373.0,120992794.0
1085,1091,2018,Nasce Uma Estrela,Ficção,1398971.0,25211408.0
1094,1100,2018,Não Se Aceitam Devoluções,Ficção,292740.0,4182222.0
1105,1111,2018,O Candidato Honesto 2,Ficção,580568.0,8363263.0
1113,1119,2018,O Destino De Uma Nação,Ficção,408928.0,8321115.0
1115,1121,2018,O Doutrinador - O Filme,Ficção,276658.0,3933475.0
1125,1131,2018,O Grinch,Animação,1505786.0,22185631.0
1134,1140,2018,O Mistério Do Relógio Na Parede,Ficção,374926.0,5307707.0
1147,1153,2018,O Passageiro,Ficção,329794.0,5273879.0
1151,1157,2018,O Predador,Ficção,804644.0,12634198.0
1152,1158,2018,O Primeiro Homem,Ficção,299501.0,5756489.0
1154,1160,2018,O Protetor 2,Ficção,843955.0,13391419.0
1155,1161,2018,O Que De Verdade Importa,Ficção,343770.0,4984386.0
1159,1165,2018,O Quebra-Nozes E Os Quatro Reinos,Ficção,852823.0,13119845.0
1165,1171,2018,O Retorno De Mary Poppins,Ficção,278127.0,4743284.0
1174,1180,2018,O Touro Ferdinando,Animação,3450295.0,47176399.0
1178,1184,2018,Oito Mulheres E Um Segredo,Ficção,1285839.0,20870757.0
1186,1192,2018,Operação Red Sparrow,Ficção,340989.0,6101410.0
1194,1200,2018,Os Farofeiros,Ficção,2604658.0,36820843.0
1197,1203,2018,Os Incríveis 2,Animação,9809291.0,145011793.0
1203,1209,2018,Paddington 2,Animação,274325.0,3827468.0
1206,1212,2018,Pantera Negra,Ficção,7438252.0,120998283.0
1215,1221,2018,Paulo - Apóstolo De Cristo,Ficção,767307.0,10998259.0
1216,1222,2018,Pedro Coelho,Animação,937373.0,12951181.0
1237,1243,2018,Pépequeno,Animação,1500086.0,20867336.0
1240,1246,2018,Queen - Bohemian Rhapsody,Ficção,2350612.0,41208924.0
1244,1250,2018,Rampage: Destruição Total,Ficção,1337049.0,21146685.0
1254,1260,2018,Robin Hood: A Origem,Ficção,899166.0,12490095.0
1273,1279,2018,Sherlock Gnomes E O Mistério Do Jardim,Animação,489323.0,7332924.0
1278,1284,2018,Slender Man - Pesadelo Sem Rosto,Ficção,467611.0,6529756.0
1279,1285,2018,Sobrenatural: A Última Chave,Ficção,1068464.0,15112209.0
1284,1290,2018,Star Wars: Os Últimos Jedi*,Ficção,354621.0,6833743.0
1302,1308,2018,The Post - A Guerra Secreta,Ficção,471063.0,9162788.0
1315,1321,2018,Tomb Raider: A Origem,Ficção,895812.0,14622945.0
1325,1331,2018,Três Anúncios Para Um Crime,Ficção,388425.0,7318793.0
1327,1333,2018,Tudo Por Um Pop Star,Ficção,1187570.0,15786420.0
1338,1344,2018,Um Lugar Silencioso,Ficção,1507525.0,23146006.0
1349,1355,2018,Uma Quase Dupla,Ficção,644115.0,9156020.0
1360,1366,2018,Venom,Ficção,4605459.0,72243415.0
1361,1367,2018,Verdade Ou Desafio,Ficção,496726.0,6881256.0
1369,1375,2018,Vingadores: Guerra Infinita,Ficção,14501280.0,238020232.0
1375,1381,2018,Viva - A Vida É Uma Festa,Animação,1968612.0,30399495.0
1390,1396,2017,7 desejos,Ficção,249452.0,3427649.6
1394,1400,2017,A Bailarina,Animação,549229.0,7637393.22
1396,1402,2017,A Bela e a Fera (2017),Ficção,8308489.0,130084653.0
1397,1403,2017,A Cabana,Ficção,5117598.0,74766207.69
1407,1413,2017,A Estrela de Belém,Animação,481199.0,6017225.54
1418,1424,2017,A Grande Muralha,Ficção,1717008.0,27177013.0
1430,1436,2017,A morte te dá parabéns,Ficção,1007676.0,13637909.0
1432,1438,2017,A Múmia,Ficção,3052636.0,47412358.0
1433,1439,2017,A Noiva,Ficção,315730.0,4373915.28
1442,1448,2017,A torre negra,Ficção,898802.0,12631206.03
1448,1454,2017,A Vigilante do Amanhã - Ghost in the shell,Ficção,726736.0,12199295.0
1457,1463,2017,Aliados,Ficção,388644.0,6628704.0
1459,1465,2017,Alien: Covenant,Ficção,664264.0,9532684.0
1476,1482,2017,Annabelle 2: A criação do mal,Ficção,2957275.0,40537030.0
1489,1495,2017,As Aventuras de Tadeo 2 - O Segredo do Rei Midas,Animação,312220.0,4247371.0
1490,1496,2017,As Aventuras do Capitão Cueca - O Filme,Animação,565500.0,8633078.0
1502,1508,2017,Assassinato no Expresso do Oriente,Ficção,1018120.0,17147481.0
1503,1509,2017,Assassin's Creed,Ficção,2058767.0,32815015.0
1508,1514,2017,Até o Último Homem,Ficção,271731.0,4894565.29
1509,1515,2017,Atômica,Ficção,374459.0,5808829.0
1518,1524,2017,Baywatch - S.O.S. Malibu,Ficção,648229.0,8785488.0
1521,1527,2017,Beleza Oculta,Ficção,508380.0,8123787.0
1524,1530,2017,"Big Pai, Big Filho",Animação,306126.0,4216228.66
1526,1532,2017,Bingo - O rei das manhãs,Ficção,249309.0,3997911.0
1527,1533,2017,Blade Runner 2049,Ficção,904780.0,17154118.17
1549,1555,2017,Carros 3,Animação,2524401.0,34529786.0
1563,1569,2017,Cinquenta Tons Mais Escuros,Ficção,4628437.0,66565077.0
1573,1579,2017,Como se tornar o pior aluno da escola,Ficção,506412.0,6850270.39
1583,1589,2017,Corra!,Ficção,382294.0,5663785.0
1590,1596,2017,D.P.A. - Detetives do Prédio Azul,Ficção,1222718.0,16115370.58
1598,1604,2017,Depois daquela montanha,Ficção,436368.0,7761304.0
1607,1613,2017,Divórcio,Ficção,487457.0,6580909.0
1620,1626,2017,Duas de Mim,Ficção,292504.0,3930701.25
1621,1627,2017,Dunkirk,Ficção,789883.0,14460260.0
1637,1643,2017,Em ritmo de fuga,Ficção,582057.0,8983166.52
1638,1644,2017,Emoji - O filme,Animação,1683814.0,23675491.78
1654,1660,2017,Estrelas Além do Tempo,Ficção,398251.0,6633689.0
1655,1661,2017,Eu fico loko,Ficção,559431.0,6848306.92
1663,1669,2017,Extraordinário,Ficção,4183535.0,57816055.19
1666,1672,2017,"Fala Sério, Mãe!",Ficção,883251.0,11433212.25
1668,1674,2017,Feito na América,Ficção,553421.0,8965994.0
1674,1680,2017,Fragmentado,Ficção,1011581.0,15188106.0
1687,1693,2017,Guardiões da Galáxia Vol. 2,Ficção,4207641.0,67529482.0
1698,1704,2017,Homem-Aranha: De Volta ao Lar,Ficção,6686736.0,102726271.29
1709,1715,2017,Internet - O Filme,Ficção,380166.0,4915838.38
1716,1722,2017,It: A coisa,Ficção,4414235.0,61909031.0
1723,1729,2017,Jogos Mortais: Jigsaw,Ficção,635145.0,8627964.92
1725,1731,2017,John Wick – Um Novo Dia para Matar,Ficção,552133.0,7749961.63
1731,1737,2017,Jumanji: Bem-Vindo à Selva,Ficção,465225.0,7117355.0
1733,1739,2017,Kingsman: O Círculo Dourado,Ficção,1016303.0,16338502.0
1735,1741,2017,Kong - A Ilha da Caveira,Ficção,1902480.0,29408965.0
1737,1743,2017,La La Land – Cantando estações,Ficção,1398364.0,23780093.44
1743,1749,2017,Lego Batman,Animação,1336388.0,19841259.0
1744,1750,2017,Lego Ninjago - O Filme,Animação,335204.0,4898201.0
1745,1751,2017,Liga da Justiça,Ficção,8442364.0,132575577.0
1746,1752,2017,Lino - Uma Aventura de Sete Vidas,Animação,314242.0,4343921.0
1748,1754,2017,Logan,Ficção,6400985.0,91260487.0
1781,1787,2017,Meu Malvado Favorito 3,Animação,8989024.0,125923345.0
1782,1788,2017,Meus 15 Anos,Ficção,742137.0,8985791.9
1784,1790,2017,Minha Mãe é uma Peça 2,Ficção,5213465.0,73713230.92
1788,1794,2017,Moana - Um Mar de Aventuras,Animação,5147838.0,71598597.0
1790,1796,2017,Monster Trucks,Ficção,340868.0,4555756.0
1791,1797,2017,Moonlight - Sob a Luz do Luar,Ficção,340507.0,5906274.57
1799,1805,2017,Mulher-Maravilha,Ficção,7011338.0,109894366.0
1804,1810,2017,mãe!,Ficção,519678.0,8306049.0
1839,1845,2017,O Chamado 3,Ficção,1535871.0,21147560.0
1844,1850,2017,O Círculo,Ficção,469262.0,8317518.38
1858,1864,2017,O filme da minha vida,Ficção,295753.0,4464615.44
1881,1887,2017,O Poderoso Chefinho,Animação,3228749.0,46251571.0
1889,1895,2017,O Rei do Show,Ficção,368161.0,5811759.0
1914,1920,2017,Os Parças,Ficção,1362132.0,18409072.37
1915,1921,2017,Os Penetras 2 - Quem dá mais?,Ficção,401960.0,5594424.97
1918,1924,2017,Os Smurfs e a Vila Perdida,Animação,1464327.0,20896359.87
1920,1926,2017,Pai em Dose Dupla 2,Ficção,446461.0,6229879.0
1930,1936,2017,Passageiros (2017),Ficção,1244060.0,21462677.08
1945,1951,2017,Pica-Pau,Animação,1617414.0,20967462.0
1946,1952,2017,Piratas do Caribe – A Vingança de Salazar,Ficção,3659613.0,55008892.0
1948,1954,2017,Planeta dos macacos: A guerra,Ficção,2694893.0,42994417.54
1951,1957,2017,Polícia Federal - A lei é para todos,Ficção,1360480.0,21553004.35
1955,1961,2017,Power Rangers,Ficção,1240526.0,15866589.2
1963,1969,2017,Quatro Vidas de um Cachorro,Ficção,512313.0,6858195.0
1970,1976,2017,Rei Arthur: A Lenda da Espada,Ficção,952586.0,15523013.0
1973,1979,2017,Resident Evil 6 - O Capítulo Final,Ficção,1214555.0,18924216.2
1980,1986,2017,Rogue One: Uma História Star Wars,Ficção,252349.0,4465703.0
1996,2002,2017,Sing - Quem canta seus males espanta,Animação,716894.0,9188871.0
2003,2009,2017,Star Wars: Os Últimos Jedi,Ficção,3155131.0,56501850.0
2014,2020,2017,Tempestade: Planeta em fúria,Ficção,908175.0,14425207.0
2021,2027,2017,Thor: Ragnarok,Ficção,6359663.0,99761710.0
2033,2039,2017,Transformers: O Último Cavaleiro,Ficção,2858033.0,43020356.0
2048,2054,2017,Um Tio Quase Perfeito,Ficção,559584.0,7728436.39
2059,2065,2017,Valerian e a cidade dos mil planetas,Ficção,488270.0,7677512.49
2062,2068,2017,Velozes e Furiosos 8,Ficção,8505215.0,133423662.0
2068,2074,2017,Vida,Ficção,310730.0,5332738.94
2076,2082,2017,xXx: Reativado,Ficção,1298025.0,19757403.0
2098,2104,2016,A 5ª Onda,Ficção,1729177.0,23254843.4
2104,2110,2016,A Bruxa,Ficção,690836.0,9354105.49
2106,2112,2016,A Chegada,Ficção,556701.0,9120722.58
2116,2122,2016,A Era do Gelo: O Big Bang,Animação,5260450.0,71247341.0
2124,2130,2016,A Garota Dinamarquesa,Ficção,387241.0,6356572.27
2126,2132,2016,A Garota no Trem,Ficção,685138.0,10663993.01
2127,2133,2016,A grande aposta,Ficção,512151.0,8819476.0
2132,2138,2016,A Lenda de Tarzan,Ficção,2288390.0,35532600.0
2156,2162,2016,A série Divergente: Convergente,Ficção,2016949.0,26293035.29
2168,2174,2016,A Última Ressaca do Ano,Ficção,444534.0,5783208.0
2173,2179,2016,Alice Através do Espelho,Ficção,2226094.0,32041516.0
2174,2180,2016,Alvin e os esquilos: Na estrada,Animação,1096822.0,12225515.38
2186,2192,2016,Angry Birds - O Filme,Animação,1833728.0,24768561.86
2187,2193,2016,Animais fantásticos e onde habitam,Ficção,4335211.0,66224522.0
2191,2197,2016,Anjos da Noite - Guerras de Sangue,Ficção,1132529.0,16368583.68
2196,2202,2016,Aquarius,Ficção,355085.0,5252844.11
2208,2214,2016,As Tartarugas Ninja: Fora das Sombras,Ficção,1356422.0,18872096.0
2209,2215,2016,Assassino a Preço Fixo 2 - A Ressurreição,Ficção,341917.0,4611325.11
2216,2222,2016,Até que a sorte nos separe 3,Ficção,1577999.0,20129210.83
2232,2238,2016,Batman vs Superman: A Origem da Justiça,Ficção,8565380.0,132441028.0
2241,2247,2016,Ben-Hur (2016),Ficção,1309875.0,21343492.0
2250,2256,2016,Boneco do Mal,Ficção,340932.0,4376927.33
2261,2267,2016,Bruxa de Blair,Ficção,804023.0,10655381.89
2263,2269,2016,Café society,Ficção,341509.0,6557976.35
2272,2278,2016,Capitão América: Guerra civil,Ficção,9617572.0,143337020.0
2275,2281,2016,Carrossel 2 - O Sumiço de Maria Joaquina,Ficção,2525328.0,28590125.61
2280,2286,2016,Casamento Grego 2,Ficção,370117.0,5518431.45
2282,2288,2016,Caçadores de emoção - Além do limite,Ficção,420416.0,6665204.0
2283,2289,2016,Caça-fantasmas (2016),Ficção,1310640.0,19790808.64
2284,2290,2016,Cegonhas - A história que não te contaram,Animação,1331579.0,18029871.0
2295,2301,2016,Cinquenta Tons de Preto,Ficção,813257.0,11019003.71
2297,2303,2016,Como eu era antes de você,Ficção,4272555.0,58292842.0
2307,2313,2016,Creed: Nascido para lutar,Ficção,740667.0,10372472.0
2318,2324,2016,Deadpool,Ficção,6044324.0,81932430.0
2328,2334,2016,Deus Não Está Morto 2,Ficção,337380.0,4179785.44
2329,2335,2016,Deuses do Egito,Ficção,1246718.0,18429447.23
2341,2347,2016,Doutor Estranho,Ficção,4797512.0,74731453.0
2346,2352,2016,Elis,Ficção,536187.0,8126553.93
2362,2368,2016,Esquadrão Suicida,Ficção,7827788.0,118081264.0
2398,2404,2016,Gênios do Crime,Ficção,617090.0,8430425.77
2415,2421,2016,Horizonte Profundo: Desastre no Golfo,Ficção,287652.0,4014843.79
2421,2427,2016,Independence Day - O Ressurgimento,Ficção,1829856.0,28268836.0
2423,2429,2016,Inferno,Ficção,2193152.0,32877121.3
2425,2431,2016,Invasão a Londres,Ficção,543034.0,7997457.11
2427,2433,2016,Invasão Zumbi,Ficção,303374.0,3665938.24
2429,2435,2016,Invocação do Mal 2,Ficção,3594171.0,46901147.0
2434,2440,2016,Jack Reacher: Sem Retorno,Ficção,687952.0,9512450.0
2438,2444,2016,Jason Bourne,Ficção,648312.0,10593020.6
2440,2446,2016,Jogo do Dinheiro,Ficção,365439.0,6466166.97
2446,2452,2016,Joy - O Nome do Sucesso,Ficção,328003.0,5587064.79
2453,2459,2016,Kung Fu Panda 3,Animação,1757761.0,24714153.0
2472,2478,2016,Mais Forte que o Mundo - A História de José Aldo,Ficção,565916.0,7793731.83
2484,2490,2016,Masha e o Urso,Animação,346602.0,3982185.27
2492,2498,2016,"Meu Amigo, o Dragão",Ficção,295835.0,3910833.0
2501,2507,2016,Minha Mãe é uma Peça 2,Ficção,4020898.0,50967946.9
2508,2514,2016,Mogli - O Menino Lobo,Ficção,2670252.0,38357958.0
2526,2532,2016,Nerve - Um jogo sem regras,Ficção,397297.0,5572820.76
2556,2562,2016,O Bebê de Bridget Jones,Ficção,313400.0,5655481.23
2557,2563,2016,O bom dinossauro,Animação,3597713.0,48118131.0
2558,2564,2016,O Bom Gigante Amigo,Ficção,640571.0,9243301.0
2562,2568,2016,O Caçador e a Rainha do Gelo,Ficção,1646209.0,24197400.06
2569,2575,2016,O Contador,Ficção,758131.0,12028262.0
2586,2592,2016,O Homem nas Trevas,Ficção,770587.0,10154033.55
2592,2598,2016,O Lar das Crianças Peculiares,Ficção,2181772.0,32916297.0
2609,2615,2016,O Quarto de Jack,Ficção,266916.0,4638528.52
2614,2620,2016,O Regresso,Ficção,2645471.0,40213897.02
2618,2624,2016,O Shaolin do Sertão,Ficção,610730.0,7973865.72
2629,2635,2016,O Vendedor de Sonhos,Ficção,641684.0,8718355.0
2652,2658,2016,Os Dez Mandamentos - O Filme,Ficção,11305479.0,116833026.88
2655,2661,2016,Os oito odiados,Ficção,561784.0,8884619.67
2662,2668,2016,Ouija: Origem do Mal,Ficção,452275.0,5828111.92
2664,2670,2016,Pai em Dose Dupla,Ficção,627732.0,7970231.0
2686,2692,2016,Pets - A vida secreta dos bichos,Animação,4415952.0,62073986.57
2694,2700,2016,Porta dos Fundos - Contrato Vitalício,Ficção,454569.0,6208337.13
2698,2704,2016,Procurando Dory,Animação,8189410.0,113497532.0
2701,2707,2016,Quando as luzes se apagam,Ficção,823195.0,10784162.0
2718,2724,2016,Reza a Lenda,Ficção,377670.0,4979716.42
2723,2729,2016,Rogue One: Uma História Star Wars,Ficção,2607958.0,43774724.0
2727,2733,2016,"Rua Cloverfield, 10",Ficção,324289.0,4564201.0
2737,2743,2016,Sete Homens e um Destino,Ficção,618236.0,9448213.19
2743,2749,2016,Sing - Quem canta seus males espanta,Animação,1984930.0,26063941.0
2744,2750,2016,"Snoopy & Charlie Brown - Peanuts, o filme",Animação,2278477.0,32341778.53
2749,2755,2016,Spotlight - Segredos revelados,Ficção,424520.0,7517025.85
2751,2757,2016,Star Trek: Sem Fronteiras,Ficção,833246.0,14500551.0
2752,2758,2016,Star Wars: Episódio VII - O despertar da Força,Ficção,1167530.0,20162142.0
2757,2763,2016,Sully: O Herói do Rio Hudson,Ficção,330379.0,5717956.0
2780,2786,2016,Trolls,Animação,1884196.0,26243467.0
2783,2789,2016,Truque de Mestre: O Segundo Ato,Ficção,1952009.0,27057508.26
2790,2796,2016,Tô ryca!,Ficção,1121570.0,14835057.9
2800,2806,2016,Um Espião e Meio,Ficção,391146.0,5096081.11
2804,2810,2016,Um namorado para minha mulher,Ficção,665999.0,9028755.59
2806,2812,2016,Um Suburbano Sortudo,Ficção,1070434.0,14245429.85
2813,2819,2016,Vai que dá certo 2,Ficção,729977.0,9546473.09
2835,2841,2016,Warcraft: O Primeiro Encontro de Dois Mundos,Ficção,1386959.0,20913995.84
2840,2846,2016,X-Men - Apocalipse,Ficção,4373939.0,65800197.0
2845,2851,2016,Zootopia: Essa Cidade é o Bicho,Animação,2824226.0,38578458.0
2848,2854,2016,Águas Rasas,Ficção,393105.0,5148335.44
2850,2856,2016,É fada!,Ficção,1722029.0,21240520.24
2855,2861,2015,007 Contra Spectre,Ficção,2099237.0,31054798.18
2871,2877,2015,A Casa dos Mortos,Ficção,302468.0,3687362.93
2872,2878,2015,A Colina Escarlate,Ficção,265082.0,3798869.66
2880,2886,2015,A entidade 2,Ficção,569119.0,7257262.11
2885,2891,2015,A Espiã que Sabia de Menos,Ficção,415127.0,5190276.0
2894,2900,2015,A Força,Ficção,286661.0,2562921.0
2911,2917,2015,A Mulher de Preto 2 - Anjo da Morte,Ficção,354679.0,4352690.01
2924,2930,2015,A Série Divergente - Insurgente,Ficção,2819817.0,39037020.04
2925,2931,2015,A Teoria de Tudo,Ficção,763660.0,11299634.51
2942,2948,2015,Alvin e os esquilos: Na estrada,Animação,2318296.0,26592790.0
2977,2983,2015,Atividade Paranormal: Dimensão Fantasma,Ficção,1387433.0,20604543.0
2984,2990,2015,Até que a sorte nos separe 3,Ficção,1757668.0,22133782.79
3004,3010,2015,Bem Casados,Ficção,545297.0,6936108.06
3008,3014,2015,Birdman ou a Inesperada Virtude da Ignorância,Ficção,423988.0,6514002.0
3015,3021,2015,Bob Esponja: Um Herói Fora d'água,Animação,3719487.0,48261491.0
3023,3029,2015,Busca Implacável 3,Ficção,1480960.0,19132457.6
3024,3030,2015,Cada um na sua Casa,Animação,1783816.0,23096792.0
3030,3036,2015,Caminhos da Floresta,Ficção,388533.0,5081664.0
3038,3044,2015,"Carrossel, O Filme",Ficção,2536036.0,27211883.82
3046,3052,2015,Chappie,Ficção,348980.0,4518554.3
3051,3057,2015,Cidades de Papel,Ficção,1602111.0,19199490.0
3052,3058,2015,Cinderela,Ficção,4199697.0,50079019.0
3055,3061,2015,Cinquenta Tons de Cinza,Ficção,6685086.0,87741026.57
3063,3069,2015,Como Sobreviver a um Ataque Zumbi,Ficção,394531.0,4831200.0
3067,3073,2015,Corações de Ferro,Ficção,437532.0,5793883.55
3093,3099,2015,Divertida Mente,Animação,3780325.0,45644493.0
3103,3109,2015,Dragonball Z: O Renascimento de Freeza,Animação,337655.0,4103059.0
3124,3130,2015,Entre Abelhas,Ficção,438782.0,5738814.7
3137,3143,2015,Evereste,Ficção,423857.0,7244686.86
3138,3144,2015,Exorcistas do Vaticano,Ficção,243809.0,3068588.23
3140,3146,2015,Exterminador do Futuro: Gênesis,Ficção,2475674.0,36726832.0
3158,3164,2015,Férias frustradas,Ficção,498362.0,6216386.0
3166,3172,2015,Golpe Duplo,Ficção,1288436.0,16411314.0
3168,3174,2015,Goosebumps - Monstros e Arrepios,Ficção,522232.0,7165478.95
3184,3190,2015,Hitman - Agente 47,Ficção,310340.0,4011576.0
3188,3194,2015,Homem-Formiga,Ficção,2927606.0,41539259.0
3192,3198,2015,Hotel Transilvânia 2,Animação,3272784.0,42075298.23
3216,3222,2015,Jogos Vorazes: A esperança - O final,Ficção,4393303.0,63536243.84
3223,3229,2015,Jurassic World: O mundo dos dinossauros,Ficção,6356559.0,90707161.19
3226,3232,2015,Kingsman - Serviço Secreto,Ficção,893501.0,11581438.0
3236,3242,2015,Linda de morrer,Ficção,948542.0,12186625.0
3242,3248,2015,Loucas pra Casar,Ficção,3726547.0,45688069.53
3249,3255,2015,Mad Max: Estrada da Fúria,Ficção,2233234.0,33364967.0
3263,3269,2015,Maze Runner - Prova de Fogo,Ficção,1986250.0,27272209.0
3270,3276,2015,Meu Passado Me Condena 2,Ficção,2639935.0,32941689.75
3279,3285,2015,Minions,Animação,8912094.0,119998320.79
3283,3289,2015,Missão impossível - Nação secreta,Ficção,2711422.0,37270687.0
3299,3305,2015,No Coração do Mar,Ficção,1016137.0,15523615.0
3302,3308,2015,Noite Sem Fim,Ficção,275966.0,3514885.0
3312,3318,2015,O agente da U.N.C.L.E,Ficção,386183.0,5550773.0
3334,3340,2015,O Destino de Júpiter,Ficção,1233711.0,17081394.0
3353,3359,2015,O Hobbit: A Batalha dos Cinco Exércitos,Ficção,511785.0,7011393.0
3359,3365,2015,O Jogo da Imitação,Ficção,545643.0,7892070.09
3375,3381,2015,O Pequeno Príncipe,Animação,2035935.0,27801004.2
3384,3390,2015,O Reino Gelado 2,Animação,399132.0,5025292.56
3392,3398,2015,O Sétimo Filho,Ficção,499919.0,7045823.53
3401,3407,2015,O Último Caçador de Bruxas,Ficção,2657447.0,34430399.45
3410,3416,2015,Operação Big Hero,Animação,1596817.0,20064194.0
3412,3418,2015,Operações Especiais,Ficção,348322.0,4392871.68
3419,3425,2015,Os Caras de Pau em o Misterioso Roubo do Anel,Ficção,1241637.0,14649404.09
3429,3435,2015,Os Pinguins de Madagascar,Animação,3133464.0,40479073.0
3444,3450,2015,Para Sempre Alice,Ficção,400893.0,6065106.08
3453,3459,2015,Pegando Fogo,Ficção,350362.0,5315055.56
3457,3463,2015,Perdido em Marte,Ficção,1800722.0,29095632.0
3460,3466,2015,Peter Pan,Ficção,1872703.0,26686911.0
3462,3468,2015,Pixels,Ficção,2355234.0,33728874.01
3464,3470,2015,Poltergeist - O Fenômeno,Ficção,1235047.0,16964689.0
3466,3472,2015,Ponte dos Espiões,Ficção,423549.0,7098998.0
3474,3480,2015,Qualquer Gato Vira-lata 2,Ficção,807827.0,10017232.88
3477,3483,2015,Quarteto fantástico,Ficção,1771774.0,21959317.5
3478,3484,2015,Quarto de guerra,Ficção,384735.0,5014816.03
3480,3486,2015,Que horas ela volta?,Ficção,493022.0,6876314.8
3491,3497,2015,Renascida do Inferno,Ficção,446515.0,5464833.27
3504,3510,2015,S.O.S Mulheres ao mar 2,Ficção,1637032.0,21108060.56
3525,3531,2015,Simplesmente Acontece,Ficção,489722.0,5878253.73
3526,3532,2015,Sniper Americano,Ficção,1162544.0,16785396.0
3530,3536,2015,Sobrenatural - A origem,Ficção,624245.0,7803157.07
3539,3545,2015,Star Wars: Episódio VII - O despertar da Força,Ficção,5558321.0,90448267.0
3543,3549,2015,Superpai,Ficção,439410.0,5159394.63
3549,3555,2015,Ted 2,Ficção,743118.0,9445707.72
3554,3560,2015,Terremoto: A Falha de San Andreas,Ficção,2220028.0,32518426.0
3565,3571,2015,Tinker Bell e o Monstro da Terra do Nunca,Animação,610854.0,8401218.0
3568,3574,2015,Tomorrowland: Um Lugar Onde Nada é Impossível,Ficção,676655.0,8762976.0
3578,3584,2015,Trocando os Pés,Ficção,316468.0,3895936.17
3601,3607,2015,Um Senhor Estagiário,Ficção,598084.0,8836197.0
3610,3616,2015,Uma Noite no Museu 3: O Segredo da Tumba,Ficção,2707296.0,30904464.0
3616,3622,2015,Vai que Cola - O Filme,Ficção,3307837.0,41803908.21
3620,3626,2015,Velozes e Furiosos 7,Ficção,9857946.0,142465883.37
3624,3630,2015,Victor Frankenstein,Ficção,678287.0,8469443.0
3626,3632,2015,Vingadores: A Era de Ultron,Ficção,10129071.0,146184931.0
3633,3639,2015,Você acredita?,Ficção,306730.0,3679014.17
3643,3649,2015,Êxodo: Deuses e Reis,Ficção,2612034.0,39245069.0
3648,3654,2014,12 Anos de Escravidão,Ficção,501962.0,7005754.0
3655,3661,2014,300: A Ascenção do Império,Ficção,2839023.0,40450403.0
3662,3668,2014,A Bela e a Fera,Ficção,513381.0,5368896.29
3669,3675,2014,A Culpa é das Estrelas,Ficção,6165705.0,69100777.0
3692,3698,2014,A Lenda de Oz,Animação,538091.0,6721229.98
3693,3699,2014,A Mansão Mágica,Animação,299484.0,3969208.52
3696,3702,2014,A Menina que Roubava Livros,Ficção,1376548.0,15996220.0
3699,3705,2014,A Noite da Virada,Ficção,319650.0,3822375.89
3711,3717,2014,A Vida Secreta de Walter Mitty,Ficção,278843.0,3568626.0
3718,3724,2014,Alemão,Ficção,955841.0,11339991.54
3719,3725,2014,"Alexandre e o Dia Terrível, Horrível, Espantoso e Horroroso",Ficção,265387.0,2801511.0
3737,3743,2014,Anjos da Lei 2,Ficção,465905.0,5288114.73
3738,3744,2014,Annabelle,Ficção,3716207.0,41851706.0
3747,3753,2014,As Aventuras de Paddigton,Ficção,351583.0,3744374.16
3748,3754,2014,As Aventuras de Peabody e Sherman,Animação,1193599.0,15086853.0
3754,3760,2014,As Tartarugas Ninja,Ficção,3366763.0,43785302.0
3755,3761,2014,Atividade Paranormal: Marcados pelo Mal,Ficção,1034040.0,12014764.0
3759,3765,2014,Até que a Sorte nos Separe 2,Ficção,2930693.0,33122552.72
3763,3769,2014,Aviões - Heróis do Fogo ao Resgate,Animação,624828.0,7351610.0
3787,3793,2014,Caminhando com dinossauros - O filme,Animação,614094.0,8295944.0
3789,3795,2014,Capitão América 2: O soldado invernal,Ficção,4621101.0,62818154.0
3795,3801,2014,Cavaleiros do Zodíaco - A Lenda do Santuário,Animação,510541.0,5731977.67
3797,3803,2014,Caçada Mortal,Ficção,366407.0,4263585.0
3798,3804,2014,Caçadores de Obras-primas,Ficção,519277.0,6655332.0
3809,3815,2014,Como Treinar seu Dragão 2,Animação,4610275.0,55043570.0
3811,3817,2014,Confissões de Adolescente - o Filme,Ficção,798222.0,8391903.23
3813,3819,2014,Copa de Elite,Ficção,646224.0,7793226.0
3827,3833,2014,De Volta ao Jogo,Ficção,313643.0,3909493.58
3828,3834,2014,Debi e Lóide 2,Ficção,3042283.0,35180723.84
3833,3839,2014,Deus Não Está Morto,Ficção,291227.0,2756482.65
3836,3842,2014,Divergente,Ficção,1205442.0,14360310.23
3842,3848,2014,Drácula: A História Nunca Contada,Ficção,2707988.0,32151892.93
3871,3877,2014,Festa no Céu,Animação,1052762.0,13005932.0
3886,3892,2014,Frankenstein - Entre anjos e demônios,Ficção,1037248.0,14107008.31
3887,3893,2014,Frozen: uma Aventura Congelante,Animação,3931888.0,47341817.0
3892,3898,2014,Garota Exemplar,Ficção,532949.0,7228339.0
3894,3900,2014,Getúlio,Ficção,508901.0,6447968.11
3897,3903,2014,Godzilla,Ficção,1314631.0,17986302.0
3902,3908,2014,Guardiões da Galáxia,Ficção,2864628.0,38072963.0
3916,3922,2014,Hercules,Ficção,653138.0,8697439.18
3924,3930,2014,Hércules,Ficção,2452143.0,33237809.0
3931,3937,2014,Inatividade Paranormal 2,Ficção,296574.0,3562320.94
3937,3943,2014,Interestelar,Ficção,1182233.0,16729885.0
3946,3952,2014,Jogos Vorazes: A Esperança - Parte 1,Ficção,4755582.0,55898172.39
3954,3960,2014,Juntos e Misturados,Ficção,1979624.0,23074147.0
3973,3979,2014,Livrai-nos do Mal,Ficção,905096.0,10120835.72
3979,3985,2014,Lucy,Ficção,1784275.0,21766342.21
3982,3988,2014,Made in China,Ficção,381782.0,4171162.46
3985,3991,2014,Malévola,Ficção,5755409.0,73643412.0
3989,3996,2014,Maze Runner - Correr ou Morrer,Ficção,1564569.0,17953933.0
4010,4017,2014,Muita calma nessa hora 2,Ficção,1429862.0,15888595.19
4011,4018,2014,Mulheres ao Ataque,Ficção,512308.0,6073276.0
4015,4022,2014,Na Quebrada,Ficção,253762.0,2932914.29
4016,4023,2014,Namoro ou Liberdade?,Ficção,281780.0,3379555.0
4019,4026,2014,Need for Speed - O filme,Ficção,592431.0,7829526.0
4020,4027,2014,Ninfomaníaca,Ficção,262906.0,3340706.79
4022,4029,2014,No Limite do Amanhã,Ficção,772526.0,9987535.0
4023,4030,2014,No Olho do Tornado,Ficção,460167.0,5344625.0
4027,4034,2014,Noé,Ficção,4887284.0,68477613.0
4034,4041,2014,O Apocalipse,Ficção,632010.0,6910599.52
4036,4043,2014,O Candidato Honesto,Ficção,2237537.0,24825913.62
4045,4052,2014,O Doador de Memórias,Ficção,573704.0,6639873.79
4048,4055,2014,O Espetacular Homem Aranha 2,Ficção,4100615.0,55227320.56
4057,4064,2014,O Grande Hotel Budapeste,Ficção,335085.0,5328682.0
4060,4067,2014,O Herdeiro do Diabo,Ficção,312823.0,3792942.0
4061,4068,2014,O Hobbit: A Batalha dos Cinco Exércitos,Ficção,3102309.0,44141564.0
4062,4069,2014,O hobbit: a Desolação de Smaug,Ficção,466394.0,6310041.0
4070,4077,2014,O Juiz,Ficção,425887.0,5855429.0
4073,4080,2014,O lobo de Wall Street,Ficção,1069524.0,14683025.29
4090,4097,2014,O Protetor,Ficção,706374.0,8882876.66
4112,4120,2014,Operação Big Hero,Animação,1120786.0,14466994.0
4113,4121,2014,Operação Sombra: Jack Ryan,Ficção,329047.0,4092733.0
4115,4123,2014,Os 47 Ronins,Ficção,536918.0,7414591.81
4119,4127,2014,Os Boxtrolls,Animação,308449.0,3853496.21
4120,4128,2014,Os Caras de Pau em o Misterioso Roubo do Anel,Ficção,650700.0,7964906.08
4127,4135,2014,Os Homens são de Marte... E é para lá que eu vou,Ficção,1793239.0,21750981.39
4128,4136,2014,Os Mercenários 3,Ficção,2108500.0,24583284.69
4134,4142,2014,Ouija - O Jogo dos Espíritos,Ficção,390150.0,4632299.62
4149,4157,2014,Planeta dos Macacos: O Confronto,Ficção,4103679.0,55432956.0
4151,4159,2014,Pompeia,Ficção,779766.0,11741348.0
4168,4176,2014,Quero Matar Meu Chefe 2,Ficção,563260.0,6896653.0
4173,4181,2014,Relatos Selvagens,Ficção,305793.0,4571355.0
4177,4185,2014,Rio 2,Animação,5212811.0,63901920.0
4182,4190,2014,Robocop,Ficção,2816772.0,33468464.81
4186,4194,2014,S. O. S. Mulheres ao Mar,Ficção,1776579.0,20732500.0
4191,4199,2014,Se Eu Ficar,Ficção,577153.0,6434934.0
4194,4202,2014,Sem Escalas,Ficção,903041.0,10596856.19
4202,4210,2014,Sex Tape: Perdido na Nuvem,Ficção,342572.0,4311726.35
4227,4235,2014,Tarzan,Animação,901617.0,11868162.44
4235,4243,2014,Tim Maia,Ficção,776824.0,10254202.77
4237,4245,2014,Tinker Bell - Fadas e Piratas,Animação,429787.0,5537831.0
4244,4252,2014,Transcendence – A Revolução,Ficção,300356.0,3904643.94
4245,4253,2014,Transformers: A Era da Extinção,Ficção,4587292.0,61735174.0
4246,4254,2014,Trapaça,Ficção,633395.0,8978771.34
4247,4255,2014,Trash - A Esperança vem do Lixo,Ficção,259247.0,3040736.35
4271,4279,2014,Uma Aventura Lego,Animação,1035971.0,13476761.0
4298,4306,2014,Vestido pra Casar,Ficção,1258666.0,14756242.84
4307,4315,2014,Vizinhos,Ficção,476610.0,5799198.0
4314,4322,2014,X-Men: Dias de um Futuro Esquecido,Ficção,4923664.0,64417536.0
4321,4329,2014,Êxodo: Deuses e Reis,Ficção,1539624.0,23276475.0
4336,4344,2013,A Busca,Ficção,352914.0,3686889.75
4357,4365,2013,A Hospedeira,Ficção,482104.0,5126471.25
4360,4368,2013,A morte do demônio,Ficção,355605.0,4073355.5
4375,4383,2013,A Viagem,Ficção,836123.0,9632084.29
4378,4386,2013,A Vida Secreta de Walter Mitty,Ficção,503118.0,6258857.0
4391,4399,2013,Além da escuridão - Star Trek,Ficção,803146.0,11500353.0
4417,4425,2013,As aventuras de Pi,Ficção,1202734.0,15845823.0
4418,4426,2013,As Aventuras de Tadeo,Animação,601615.0,7590473.0
4419,4427,2013,As Bem-armadas,Ficção,733824.0,7847433.0
4429,4438,2013,Até que a Sorte nos Separe 2,Ficção,1047498.0,12151888.94
4431,4440,2013,Aviões,Animação,1204441.0,14279945.0
4440,4450,2013,Blue Jasmine,Ficção,338577.0,4945341.0
4444,4454,2013,Bons de Bico,Animação,940046.0,10627582.3
4453,4463,2013,Capitão Phillips,Ficção,577592.0,7716721.25
4456,4466,2013,"Carrie, A Estranha",Ficção,576286.0,6359403.75
4465,4475,2013,Cine Holliúdy,Ficção,485259.0,5024612.51
4482,4493,2013,Crô - O Filme,Ficção,1652949.0,18078147.61
4486,4497,2013,Círculo de Fogo,Ficção,1165714.0,14825290.93
4488,4499,2013,De pernas pro ar 2,Ficção,3787852.0,39375393.54
4492,4503,2013,Depois da Terra,Ficção,1293122.0,13829228.75
4495,4506,2013,Detona Ralph,Animação,3334365.0,39323486.0
4496,4507,2013,Dezesseis luas,Ficção,854947.0,8794578.61
4500,4511,2013,Django livre,Ficção,1143266.0,14178123.85
4506,4517,2013,Dragon Ball Z – A batalha dos deuses,Animação,377922.0,3546278.01
4507,4518,2013,Duro de matar: Um bom dia para morrer,Ficção,1538081.0,17325098.0
4516,4527,2013,Elysium,Ficção,1742617.0,20140063.0
4519,4530,2013,Ender´s Game - O Jogo do Exterminador,Ficção,358052.0,3999769.79
4531,4542,2013,Família do Bagulho,Ficção,511323.0,5385381.0
4532,4543,2013,Faroeste caboclo,Ficção,1469743.0,15559965.39
4544,4555,2013,Flores Raras,Ficção,275484.0,3402104.5
4552,4563,2013,Frozen: uma Aventura Congelante,Animação,310216.0,4082888.0
4555,4566,2013,G.I. Joe: Retaliação,Ficção,1441120.0,18871878.0
4556,4567,2013,Gente grande 2,Ficção,1577212.0,17098242.5
4561,4572,2013,Gravidade,Ficção,1103412.0,17887551.0
4562,4573,2013,Guerra mundial z,Ficção,2587204.0,33316551.0
4574,4585,2013,Homem de ferro 3,Ficção,7633472.0,96488326.0
4579,4590,2013,Inatividade Paranormal,Ficção,924582.0,9919960.33
4585,4596,2013,Invasão à Casa Branca,Ficção,522444.0,6207213.7
4586,4597,2013,Invocação do mal,Ficção,1617133.0,17376524.0
4588,4599,2013,Jack - o Caçador de Gigantes,Ficção,940169.0,11801039.0
4589,4600,2013,Jack Reacher: O Último Tiro,Ficção,479425.0,5644844.0
4590,4601,2013,Jobs,Ficção,248830.0,3331327.25
4591,4602,2013,Jogos Vorazes: em Chamas,Ficção,3533536.0,39711676.81
4594,4605,2013,João e Maria: Caçadores de Bruxas,Ficção,3716154.0,48663644.0
4608,4619,2013,Lincoln,Ficção,793939.0,9868301.0
4621,4632,2013,Mama,Ficção,677129.0,7449880.0
4625,4636,2013,Mato sem cachorro,Ficção,1134563.0,11586523.4
4630,4641,2013,Meu malvado favorito 2,Animação,6989217.0,80603472.0
4631,4642,2013,Meu namorado é um zumbi,Ficção,497544.0,5052677.89
4632,4643,2013,Meu Passado me Condena,Ficção,3137795.0,34802424.65
4636,4647,2013,Minha Mãe é uma Peça,Ficção,4600145.0,49533218.31
4662,4673,2013,O Ataque,Ficção,718668.0,8046826.0
4667,4678,2013,O cavaleiro solitário,Ficção,876634.0,9361505.0
4668,4679,2013,O Concurso,Ficção,1320102.0,14125213.83
4669,4680,2013,O Conselheiro do Crime,Ficção,246379.0,3147292.0
4680,4691,2013,O grande Gatsby,Ficção,313055.0,4797798.0
4682,4693,2013,O hobbit: a Desolação de Smaug,Ficção,2551127.0,35038907.0
4683,4694,2013,O Hobbit: Uma jornada inesperada,Ficção,464966.0,5902018.0
4685,4696,2013,O homem de aço,Ficção,2756522.0,36269302.7
4689,4700,2013,O Impossível,Ficção,256258.0,2931768.14
4691,4702,2013,O lado bom da vida,Ficção,1338791.0,16138410.2
4715,4726,2013,O Tempo e o Vento,Ficção,711435.0,7720935.04
4718,4729,2013,O Voo,Ficção,551991.0,6793308.0
4719,4730,2013,O último desafio,Ficção,452276.0,4658937.96
4721,4732,2013,O último exorcismo – Parte 2,Ficção,295326.0,3088553.05
4722,4733,2013,Oblivion,Ficção,1047781.0,11830879.0
4724,4735,2013,Odeio o dia dos namorados,Ficção,457523.0,4492895.0
4730,4741,2013,Os Croods,Animação,2785598.0,33596504.0
4732,4743,2013,Os estagiários,Ficção,900121.0,10257850.0
4734,4745,2013,Os instrumentos mortais - Cidade dos ossos,Ficção,650555.0,6910214.93
4735,4746,2013,Os Miseráveis,Ficção,794495.0,9753321.0
4737,4748,2013,Os Penetras,Ficção,320123.0,3252195.0
4739,4750,2013,Os Smurfs 2,Ficção,2946527.0,33716614.75
4740,4751,2013,Os Suspeitos,Ficção,453512.0,5367587.75
4743,4754,2013,"Oz, mágico e poderoso",Ficção,1914246.0,24165196.0
4756,4767,2013,Percy Jackson e o Mar de Monstros,Ficção,2147926.0,26423516.0
4774,4786,2013,Red 2 - Aposentados e ainda mais perigosos,Ficção,479529.0,5549617.37
4775,4787,2013,Reino escondido,Animação,1368310.0,16647617.0
4780,4792,2013,Riddick 3,Ficção,357220.0,3620140.34
4782,4794,2013,Rota de Fuga,Ficção,458153.0,4615310.7
4789,4801,2013,Sammy: A grande fuga,Animação,280445.0,3240815.0
4792,4804,2013,"Se beber, não case! Parte 3",Ficção,3214071.0,35154099.0
4793,4805,2013,Se puder...dirija!,Ficção,360808.0,4454754.0
4801,4813,2013,Serra Pelada,Ficção,405609.0,4219132.0
4811,4823,2013,Sobrenatural: Capítulo 2,Ficção,367370.0,4071009.75
4814,4826,2013,Somos tão jovens,Ficção,1715763.0,18253649.24
4820,4832,2013,Tainá - A Origem,Ficção,353690.0,3099476.47
4827,4839,2013,Thor 2 - O Mundo Sombrio,Ficção,4823275.0,61569435.0
4829,4841,2013,Time Show de Bola,Animação,340526.0,3880465.0
4833,4845,2013,Todo mundo em pânico 5,Ficção,564998.0,5864908.91
4838,4851,2013,Truque de mestre,Ficção,1330632.0,16040873.83
4844,4857,2013,Turbo,Animação,1051620.0,12024649.0
4845,4858,2013,Tá chovendo hambúrguer 2,Animação,2479103.0,28721285.75
4861,4874,2013,Uma família em apuros,Ficção,714444.0,6914870.0
4868,4881,2013,Universidade Monstros,Animação,3290880.0,36949825.0
4869,4882,2013,Vai que dá certo,Ficção,2729340.0,28990665.92
4872,4885,2013,Velozes e furiosos 6,Ficção,4521808.0,49148215.0
4879,4892,2013,Vovô sem Vergonha,Ficção,424455.0,4760144.0
4882,4895,2013,Wolverine Imortal,Ficção,3955379.0,49173173.0
4890,4903,2013,Última Viagem a Vegas,Ficção,646759.0,7810066.35
4891,4904,2012,007 – Operação Skyfall,Ficção,2550883.0,29696280.2
4910,4923,2012,A Dama de Ferro,Ficção,670107.0,7919837.34
4913,4926,2012,A Entidade,Ficção,423307.0,4356068.83
4914,4927,2012,A Era do Gelo 4,Animação,8728719.0,94701801.95
4923,4936,2012,A invenção de Hugo Cabret,Ficção,1048419.0,14343389.0
4926,4939,2012,A Mulher de Preto,Ficção,252255.0,4317994.95
4931,4944,2012,A Origem dos Guardiões,Animação,2067221.0,24156077.0
4937,4950,2012,A saga Crepúsculo: Amanhecer – Parte 2 O final,Ficção,9453533.0,99488254.95
4953,4966,2012,Abraham Lincoln: Caçador de vampiros,Ficção,1002726.0,11920504.32
4957,4970,2012,Alvin e os Esquilos 3,Animação,4581140.0,39668175.63
4961,4974,2012,American Pie: O Reencontro,Ficção,1537946.0,15576462.0
4974,4987,2012,Anjos da Noite – O Despertar,Ficção,746474.0,9795013.25
4979,4993,2012,Argo,Ficção,291899.0,3896476.0
4982,4996,2012,"As Aventuras de Agamenon, o Repórter",Ficção,937980.0,9335915.91
4983,4997,2012,As aventuras de Pi,Ficção,1024662.0,6660931.78
4985,4999,2012,As Aventuras de Tintim: O Segredo do Licorne,Animação,1547241.0,19436961.5
4999,5014,2012,Atividade paranormal 4,Ficção,1196236.0,12289086.0
5002,5017,2012,Até que a Sorte nos Separe,Ficção,3413468.0,34691001.76
5006,5021,2012,Batman: O cavaleiro das Trevas Ressurge,Ficção,5146519.0,55062755.0
5007,5022,2012,Battleship - A Batalha dos Mares,Ficção,837283.0,7871841.0
5012,5027,2012,Billi Pig,Ficção,257664.0,2483318.24
5015,5030,2012,Branca de Neve e o Caçador,Ficção,2518398.0,24999741.0
5021,5036,2012,Busca Implacável 2,Ficção,938166.0,10208596.87
5023,5038,2012,Cada um tem a gêmea que merece,Ficção,2128174.0,20583026.03
5029,5044,2012,Cavalo de Guerra,Ficção,272482.0,3037080.0
5032,5047,2012,Chernobyl,Ficção,256713.0,2638412.52
5036,5052,2012,Como Agarrar meu Ex-Namorado,Ficção,313007.0,3136305.07
5049,5065,2012,De pernas pro ar 2,Ficção,1058421.0,10936740.82
5052,5068,2012,Detona Ralph,Animação,302314.0,3656354.0
5061,5077,2012,Dois coelhos,Ficção,336460.0,3315434.89
5065,5081,2012,E a Vida Continua,Ficção,370624.0,3879782.74
5068,5084,2012,"E Aí, Comeu?",Ficção,2578599.0,26078324.43
5080,5096,2012,"Espelho, Espelho Meu",Ficção,1936376.0,18649185.7
5096,5112,2012,Filha do Mal,Ficção,587101.0,5866657.0
5102,5118,2012,Frankenweenie,Animação,258601.0,3684014.0
5104,5120,2012,Fúria de Titãs 2,Ficção,2480920.0,30296298.0
5106,5122,2012,Gato de botas,Animação,674304.0,6440045.0
5109,5125,2012,Gonzaga - De Pai para Filho,Ficção,1457988.0,14639536.8
5111,5127,2012,Guerra é Guerra!,Ficção,1013544.0,10062967.44
5125,5141,2012,Homens de Preto 3,Ficção,2649531.0,31344359.46
5127,5143,2012,Hotel Transilvânia,Animação,2522216.0,31141764.33
5131,5147,2012,Imortais,Ficção,1277544.0,15997689.7
5134,5150,2012,Intocáveis,Ficção,1068763.0,13915702.49
5139,5155,2012,Jogos Vorazes,Ficção,1917085.0,19316149.39
5140,5156,2012,John Carter: Entre Dois Mundos,Ficção,1033305.0,12460852.0
5155,5171,2012,Looper - Assassinos do Futuro,Ficção,439902.0,4596318.47
5159,5176,2012,Madagascar 3: Os Procurados,Animação,5269118.0,59140818.0
5175,5192,2012,Millennium - Homens que não Amavam as Mulheres,Ficção,681044.0,7281290.5
5179,5196,2012,Missão: Impossível - Protocolo Fantasma,Ficção,914740.0,9419226.0
5188,5206,2012,Na Estrada - On The Road,Ficção,288838.0,3300411.17
5198,5217,2012,O Artista,Ficção,340594.0,3996465.05
5200,5219,2012,O Corvo,Ficção,252044.0,2584549.61
5204,5223,2012,O Ditador,Ficção,621432.0,6491978.0
5206,5225,2012,O Espetacular Homem-Aranha,Ficção,5145603.0,60473881.21
5216,5235,2012,O Hobbit: Uma jornada inesperada,Ficção,2364614.0,30560502.0
5220,5239,2012,O Impossível,Ficção,412027.0,4613845.07
5222,5241,2012,O legado Bourne,Ficção,393408.0,4741651.0
5225,5244,2012,O Lorax - Em Busca da Trúfula Perdida,Animação,837008.0,9528683.0
5230,5249,2012,O Motoqueiro Fantasma 2,Ficção,2397189.0,27833833.1
5239,5258,2012,O Que Esperar Quando Você Está Esperando,Ficção,451672.0,4869935.0
5246,5265,2012,O Vingador do Futuro,Ficção,1149566.0,11678447.75
5256,5275,2012,Os Descendentes,Ficção,592235.0,6807417.9
5260,5279,2012,Os mercenários 2,Ficção,3166183.0,33115807.0
5263,5282,2012,Os Penetras,Ficção,2228318.0,22361386.0
5268,5287,2012,Outback- Uma Galera Animal,Animação,248922.0,3343357.85
5271,5290,2012,Para Roma com Amor,Ficção,654403.0,8333583.59
5274,5293,2012,ParaNorman,Animação,312752.0,4320518.0
5275,5294,2012,Paraísos Artificiais,Ficção,402852.0,3963582.33
5279,5298,2012,Pequenos Espiões 4,Ficção,322825.0,3782985.51
5281,5300,2012,Piratas Pirados!,Animação,472500.0,5511199.54
5287,5307,2012,Possessão,Ficção,512011.0,5371392.43
5295,5315,2012,Prometheus,Ficção,1101176.0,14620554.86
5297,5317,2012,Protegendo o Inimigo,Ficção,311322.0,3412455.0
5313,5333,2012,Resident Evil: Retribuição,Ficção,1575438.0,19903136.5
5332,5352,2012,Sherlock Holmes: O Jogo das Sombras,Ficção,2456934.0,24720866.0
5338,5358,2012,Sombras da Noite,Ficção,940393.0,9889551.0
5344,5364,2012,Ted,Ficção,1784311.0,18737840.0
5346,5366,2012,The Avengers: Os Vingadores,Ficção,10911371.0,129595590.0
5347,5367,2012,Tinker Bell e o Segredo das Fadas,Animação,450350.0,5662053.0
5349,5369,2012,Titanic 3D,Ficção,679103.0,9746413.99
5351,5371,2012,Totalmente inocentes,Ficção,523577.0,5372762.07
5356,5376,2012,"Três histórias, um destino",Ficção,292796.0,2652680.52
5367,5387,2012,Um Divã Para Dois,Ficção,590803.0,7205690.86
5380,5400,2012,Valente,Animação,3458783.0,37018993.0
5383,5403,2012,Viagem 2 - A Ilha Misteriosa,Ficção,874296.0,10682041.0
5394,5414,2012,Xingu,Ficção,377887.0,3898283.67
5396,5416,2012,À Beira do Abismo,Ficção,290270.0,2965233.17
5401,5421,2011,11-11-11,Ficção,622148.0,5846147.05
5409,5429,2011,72 horas,Ficção,266605.0,2593975.31
5415,5435,2011,A casa dos sonhos,Ficção,275085.0,2582347.0
5426,5446,2011,A garota da capa vermelha,Ficção,424204.0,3866467.0
5441,5461,2011,A pele que habito,Ficção,417376.0,4849745.97
5444,5464,2011,A saga crepúsculo: amanhecer - parte 2,Ficção,7020756.0,65174912.38
5456,5476,2011,A árvore da vida,Ficção,329560.0,3691597.3
5465,5486,2011,Alvin e os Esquilos 3,Animação,606110.0,4673342.34
5467,5488,2011,Além da vida,Ficção,583149.0,6163048.0
5469,5490,2011,Amizade colorida,Ficção,1353469.0,12907675.2
5470,5491,2011,Amor a toda prova,Ficção,291732.0,2969222.0
5471,5492,2011,Amor e outras drogas,Ficção,315392.0,3030743.89
5477,5498,2011,Animais unidos jamais serão vencidos,Animação,280948.0,3446078.26
5483,5504,2011,Apollo 18,Ficção,256171.0,2537280.49
5487,5508,2011,As crônicas de Nárnia: a viagem do Peregrino da Alvorada,Ficção,796834.0,6995141.31
5491,5512,2011,As mães de Chico Xavier,Ficção,517330.0,4598470.13
5495,5516,2011,As viagens de Gulliver,Ficção,1330938.0,13368199.14
5496,5517,2011,Assalto ao Banco Central,Ficção,1966736.0,18657595.2
5501,5522,2011,Atividade paranormal 3,Ficção,1101483.0,10193814.0
5511,5532,2011,Besouro Verde,Ficção,725895.0,8424485.19
5516,5537,2011,Bravura indômita,Ficção,367659.0,3566347.0
5521,5542,2011,Bruna Surfistinha,Ficção,2176999.0,20038362.43
5527,5548,2011,Capitão América: o primeiro vingador,Ficção,2841148.0,33209899.0
5528,5549,2011,Carros 2,Animação,3408901.0,33640570.45
5531,5552,2011,Caça às bruxas,Ficção,1498453.0,13058876.7
5536,5557,2011,Cilada.com,Ficção,2959460.0,28030183.67
5538,5559,2011,Cisne Negro,Ficção,1455823.0,14354733.74
5546,5567,2011,Compramos um Zoológico,Ficção,449429.0,3826570.16
5547,5568,2011,Conan - o bárbaro,Ficção,723209.0,8876756.61
5552,5573,2011,Contágio,Ficção,475820.0,4947484.0
5558,5579,2011,Cowboys e aliens,Ficção,508852.0,4733665.0
5565,5586,2011,De pernas pro ar,Ficção,3058730.0,27322509.56
5571,5592,2011,Desconhecido,Ficção,299248.0,2806905.0
5572,5593,2011,Desenrola,Ficção,331423.0,2673784.14
5573,5594,2011,Deu a louca na Chapeuzinho 2,Animação,470620.0,5333243.6
5595,5616,2011,Enrolados,Animação,3940518.0,39851457.91
5597,5618,2011,Entrando numa fria maior ainda com a família,Ficção,944449.0,8904432.0
5600,5621,2011,Esposa de mentirinha,Ficção,2113681.0,19340259.6
5610,5631,2011,Eu queria ter a sua vida,Ficção,298186.0,2958096.0
5611,5632,2011,Eu sou o número quatro,Ficção,606326.0,5552411.54
5623,5644,2011,Fúria sobre rodas,Ficção,340192.0,3851638.0
5626,5647,2011,Gato de botas,Animação,3818061.0,40653104.0
5629,5650,2011,Gigantes de aço,Ficção,1728680.0,15689788.01
5632,5653,2011,Gnomeu e Julieta,Animação,1127519.0,13723529.91
5638,5659,2011,Happy feet 2,Animação,734959.0,7986714.0
5643,5664,2011,Harry Potter e as relíquias da morte – Parte 2,Ficção,5577298.0,57143388.0
5651,5672,2011,Hop,Animação,341194.0,2943634.0
5655,5676,2011,Imortais,Ficção,962114.0,11637070.0
5656,5677,2011,Incontrolável,Ficção,513925.0,4776410.42
5661,5682,2011,Invasão do Mundo: batalha de Los Angeles,Ficção,769357.0,7049477.31
5674,5695,2011,Justin Bieber: never say never,Documentário,447957.0,5040271.0
5676,5697,2011,Kung Fu Panda 2,Animação,3033896.0,31295006.0
5678,5699,2011,Lanterna verde,Ficção,1427285.0,17213493.0
5679,5700,2011,Larry Crowne - O amor está de volta,Ficção,396906.0,4240665.2
5704,5725,2011,Megamente,Animação,327321.0,2388812.0
5705,5726,2011,Meia-noite em Paris,Ficção,1164261.0,13205706.75
5714,5735,2011,Missão: Impossível - Protocolo Fantasma,Ficção,1615337.0,15048546.0
5727,5748,2011,Noite de ano novo,Ficção,405460.0,4074508.0
5748,5769,2011,O discurso do rei,Ficção,1104322.0,11348042.94
5752,5773,2011,O filme dos espíritos,Ficção,320489.0,3092649.38
5760,5781,2011,O homem do futuro,Ficção,1211083.0,11498810.0
5769,5790,2011,O noivo da minha melhor amiga,Ficção,324624.0,3023929.92
5771,5792,2011,O palhaço,Ficção,1221597.0,11753704.4
5773,5794,2011,O planeta dos macacos: a origem,Ficção,2484531.0,23670825.05
5775,5796,2011,O preço do amanhã,Ficção,423913.0,4098090.38
5779,5800,2011,O Rei Leão 3D,Animação,304367.0,4069169.5
5780,5801,2011,O retorno de Johnny English,Ficção,438978.0,4073282.0
5782,5803,2011,O ritual,Ficção,720890.0,6448231.0
5787,5808,2011,O turista,Ficção,1794210.0,16599104.63
5789,5810,2011,O zelador animal,Ficção,1146347.0,10108590.26
5796,5817,2011,Operação presente,Animação,483458.0,5212152.65
5800,5821,2011,Os especialistas,Ficção,366650.0,3592375.3
5807,5828,2011,Os pinguins do papai,Ficção,2066408.0,36324944.03
5809,5830,2011,Os smurfs,Animação,5096750.0,52154337.99
5810,5831,2011,Os três mosqueteiros,Ficção,1349998.0,16442642.9
5816,5837,2011,Padre,Ficção,635824.0,7386042.8
5826,5847,2011,Piratas do Caribe: navegando em águas misteriosas,Ficção,4445040.0,49099468.92
5831,5854,2011,Premonição 5,Ficção,877483.0,10670938.0
5834,5857,2011,Professora sem classe,Ficção,720598.0,6770465.02
5839,5862,2011,Pânico 4,Ficção,852856.0,7763908.13
5841,5864,2011,Qualquer gato,Ficção,1194628.0,10742238.99
5845,5868,2011,Quero matar meu chefe,Ficção,437731.0,4590028.0
5847,5870,2011,Rango,Animação,1021074.0,8193146.0
5852,5875,2011,Reféns,Ficção,349700.0,3527340.34
5858,5881,2011,Rio,Animação,6065178.0,66017601.41
5862,5885,2011,Roubo nas Alturas,Ficção,452565.0,4343104.0
5867,5890,2011,Santuário,Ficção,670102.0,8886841.77
5870,5893,2011,"Se beber, não case! 2",Ficção,2841000.0,27151036.0
5872,5895,2011,Sem Limites,Ficção,296397.0,3082199.12
5873,5896,2011,Sem saída,Ficção,1175963.0,10824200.5
5878,5901,2011,Sexo sem Compromisso,Ficção,569655.0,5557845.0
5890,5913,2011,Super 8,Ficção,450824.0,4435481.0
5897,5920,2011,Thor,Ficção,2581538.0,28933349.0
5909,5932,2011,Transformers: o lado oculto da lua,Ficção,3134578.0,35796388.0
5911,5934,2011,Tron - o legado,Ficção,465864.0,5193022.35
5941,5964,2011,Velozes e furiosos 5,Ficção,3612670.0,33424339.0
5945,5968,2011,VIPS,Ficção,593855.0,5881648.0
5949,5972,2011,"Vovó...Zona 3: Tal pai, tal filho",Ficção,602224.0,5112625.17
5952,5976,2011,"Winter, o golfinho",Ficção,274477.0,3087411.0
5953,5977,2011,X-Men: first class,Ficção,2692328.0,24256528.34
5955,5979,2011,Zé Colméia - o filme,Animação,1450055.0,13104849.0
5984,6008,2010,A hora do pesadelo,Ficção,336080.0,2831294.0
5989,6013,2010,A lenda dos guardiões,Animação,1049006.0,12478799.5
5994,6018,2010,A origem,Ficção,1779720.0,17459925.0
5997,6021,2010,A Princesa e o Sapo,Animação,314472.0,1744589.75
5999,6023,2010,A rede social,Ficção,702699.0,6910284.02
6002,6026,2010,A Saga Crepúsculo: eclipse,Ficção,6179590.0,52603206.47
6022,6046,2010,Alice no País das Maravilhas,Ficção,4344557.0,47933639.59
6026,6050,2010,Alvin e os Esquilos 2,Animação,5080809.0,38179805.0
6032,6056,2010,Amor sem Escalas,Ficção,829184.0,8073761.0
6033,6057,2010,Amor à distância,Ficção,286017.0,2700537.0
6046,6070,2010,As crônicas de Nárnia: a viagem do Peregrino da Alvorada,Ficção,1926136.0,18416623.0
6047,6071,2010,As melhores coisas do mundo,Ficção,296739.0,2246886.0
6052,6076,2010,Atividade paranormal 2,Ficção,787020.0,7028810.0
6056,6080,2010,Avatar,Ficção,6172959.0,72873592.0
6083,6107,2010,Cartas para Julieta,Ficção,344521.0,3299864.91
6087,6111,2010,Caçador de recompensas,Ficção,627092.0,5785284.25
6091,6115,2010,Chico Xavier,Ficção,3413166.0,30279694.27
6100,6124,2010,Coincidências do amor,Ficção,353109.0,3440001.5
6101,6125,2010,"Comer, rezar e amar",Ficção,1848473.0,17599455.79
6102,6126,2010,Como cães e gatos 2 – a vingança de Kitty Galore,Ficção,564960.0,6264108.0
6105,6129,2010,Como treinar seu dragão,Animação,2044487.0,21937784.0
6115,6139,2010,De pernas pro ar,Ficção,447822.0,3711269.2
6133,6157,2010,Dupla implacável,Ficção,258715.0,2279508.6
6143,6167,2010,Encontro de Casais,Ficção,459681.0,4113398.0
6144,6168,2010,Encontro explosivo,Ficção,1683065.0,15262450.0
6152,6176,2010,Esquadrão Classe A,Ficção,423206.0,3791708.0
6165,6189,2010,Fúria de titãs,Ficção,2502709.0,28459279.0
6167,6191,2010,Garfield 3D - um super herói animal,Animação,359151.0,4187020.86
6170,6194,2010,Gente grande,Ficção,1524940.0,13082594.62
6179,6203,2010,Harry Potter e as relíquias da morte - Parte 1,Ficção,4401163.0,37655019.44
6181,6205,2010,High School Musical - O desafio,Ficção,299023.0,2010160.17
6188,6212,2010,Idas e Vindas do Amor,Ficção,863445.0,7612165.0
6189,6213,2010,Ilha do Medo,Ficção,893212.0,8405590.0
6192,6216,2010,Invictus,Ficção,357980.0,3523304.0
6197,6221,2010,Jogos Mortais - O final,Ficção,593234.0,7253495.75
6201,6225,2010,Juntos pelo acaso,Ficção,475608.0,4206329.45
6203,6227,2010,Karate Kid,Ficção,2104835.0,17682125.01
6208,6232,2010,Lembranças,Ficção,428999.0,3436359.67
6212,6236,2010,Lua Nova,Ficção,278380.0,2037056.25
6213,6237,2010,"Lula, O Filho do Brasil",Ficção,848494.0,7065555.9
6220,6245,2010,Marmaduke,Ficção,255182.0,1801729.0
6224,6249,2010,Megamente,Animação,1634469.0,15803522.0
6225,6250,2010,Meu Malvado Favorito,Animação,2425161.0,23423043.0
6234,6259,2010,Muita calma nessa hora,Ficção,1343433.0,11676684.59
6245,6270,2010,Nosso lar,Ficção,4060304.0,36126083.0
6254,6279,2010,O aprendiz de feiticeiro,Ficção,1014740.0,8474678.58
6256,6281,2010,O Bem amado,Ficção,953345.0,8388166.36
6269,6294,2010,O Fada do Dente,Ficção,1197161.0,9201882.0
6271,6296,2010,O Fim da Escuridão,Ficção,452734.0,4067934.29
6280,6305,2010,O homem de ferro 2,Ficção,3227105.0,28358980.0
6283,6308,2010,O Livro de Eli,Ficção,891788.0,7935741.25
6284,6309,2010,O Lobisomem,Ficção,856171.0,7554780.0
6301,6326,2010,O segredo dos seus olhos,Ficção,328128.0,3274349.01
6307,6332,2010,O último exorcismo,Ficção,402742.0,3478332.74
6308,6333,2010,O último mestre do ar,Ficção,1568702.0,16362849.0
6320,6345,2010,Os mercenários,Ficção,1066176.0,9599652.93
6322,6347,2010,Os vampiros que se mordam,Ficção,474469.0,3904378.0
6327,6352,2010,Par perfeito,Ficção,442635.0,4246198.5
6336,6361,2010,Percy Jackson e o ladrão de raios,Ficção,2005439.0,16026375.0
6339,6364,2010,Plano B,Ficção,660838.0,6156605.25
6344,6369,2010,Predadores,Ficção,406029.0,3574161.0
6345,6370,2010,Premonição 4,Ficção,785259.0,8245200.21
6348,6373,2010,Príncipe da Pérsia: as areias do tempo,Ficção,1989213.0,17735314.25
6356,6381,2010,Quincas Berro D'Água,Ficção,272945.0,2125760.72
6359,6384,2010,Red - aposentados e perigosos,Ficção,710288.0,6852705.37
6361,6386,2010,Resident Evil 4: recomeço,Ficção,1430628.0,16398186.76
6363,6388,2010,Robin Hood,Ficção,1543953.0,14265925.0
6366,6391,2010,Salt,Ficção,1433573.0,12931579.99
6375,6400,2010,Sempre ao Seu Lado,Ficção,466339.0,4089534.32
6380,6405,2010,Sex and the City 2,Ficção,559993.0,5708098.0
6381,6406,2010,Sherlock Holmes,Ficção,2472825.0,21996832.0
6382,6407,2010,Shrek para sempre,Animação,7368374.0,70471835.0
6384,6409,2010,Simplesmente complicado,Ficção,844439.0,8113648.0
6412,6437,2010,Toy Story 3,Animação,4352090.0,42384096.16
6415,6440,2010,Tron - o legado,Ficção,900234.0,9822843.38
6416,6441,2010,Tropa de elite 2,Ficção,11023475.0,102320114.16
6417,6442,2010,Tudo pode dar certo,Ficção,265044.0,2859902.98
6430,6455,2010,Um Olhar do Paraíso,Ficção,327363.0,2919161.0
6431,6456,2010,Um parto de viagem,Ficção,586187.0,5430969.98
6435,6460,2010,Um sonho possível,Ficção,529601.0,5188212.0
6438,6463,2010,Uma noite fora de série,Ficção,714193.0,6610999.0
6458,6483,2010,Wall Street: o dinheiro nunca dorme,Ficção,387320.0,4098051.0
6461,6486,2010,Xuxa em o Mistério de Feiurinha,Ficção,1056966.0,6718197.29
6471,6496,2009,2012,Ficção,5056558.0,42950999.0
6488,6513,2009,A Era do Gelo 3,Animação,9279602.0,81118935.0
6504,6529,2009,A Montanha Enfeitiçada,Ficção,281068.0,2283514.0
6507,6532,2009,A Mulher Invisível,Ficção,2353136.0,20498576.0
6512,6537,2009,A Pantera Cor de Rosa 2,Ficção,586245.0,4653545.0
6517,6542,2009,A Princesa e o Sapo,Animação,694188.0,5273060.0
6519,6544,2009,A Proposta,Ficção,1460499.0,13119561.5
6524,6549,2009,A Troca,Ficção,272932.0,2503972.0
6526,6551,2009,A Verdade Nua e Crua,Ficção,1474299.0,13199247.0
6554,6579,2009,Anjos da Noite - A Rebelião,Ficção,380302.0,3206656.0
6556,6581,2009,Anjos e Demônios,Ficção,3059245.0,28006514.75
6565,6590,2009,Arraste-me para o Inferno,Ficção,384212.0,3212231.0
6571,6597,2009,Atividade Paranormal,Ficção,1008639.0,8484497.9
6574,6600,2009,Austrália,Ficção,312944.0,2739993.0
6575,6601,2009,Avatar,Ficção,2938669.0,29473120.0
6580,6606,2009,Bastardos Inglórios,Ficção,873767.0,8667835.0
6586,6612,2009,Besouro,Ficção,481381.0,3769206.75
6590,6616,2009,Bolt Supercão,Animação,1087623.0,8941083.0
6636,6662,2009,Coraline e o Mundo Secreto,Animação,304478.0,2869673.0
6642,6668,2009,Crepúsculo,Ficção,803285.0,5994283.44
6644,6670,2009,Código de Conduta,Ficção,392561.0,3542190.25
6655,6681,2009,Dezessete Outra Vez,Ficção,329512.0,2546999.73
6656,6682,2009,Dia dos Namorados Macabro 3D,Ficção,251429.0,2555728.19
6658,6684,2009,Distrito 9,Ficção,514912.0,4619503.0
6659,6685,2009,Divã,Ficção,1866353.0,16497110.61
6666,6692,2009,Dragonball Evolution,Ficção,482895.0,3664655.0
6671,6697,2009,Ele não Está tão Afim,Ficção,834552.0,7651193.86
6679,6705,2009,Encontro de Casais,Ficção,259248.0,2337014.0
6697,6723,2009,Evocando Espíritos,Ficção,377765.0,3285677.07
6713,6739,2009,Força G,Ficção,886773.0,7780413.0
6720,6746,2009,G.I. Joe - A Origem de Cobra,Ficção,772320.0,6292661.0
6730,6756,2009,Gran Torino,Ficção,348840.0,3446423.0
6735,6761,2009,Hannah Montana - O Filme,Ficção,632018.0,5015850.25
6736,6762,2009,Harry Potter e o Enigma do Príncipe,Ficção,4530291.0,36183253.0
6752,6778,2009,Inimigos Públicos,Ficção,572428.0,5182537.0
6757,6783,2009,Jean Charles,Ficção,292471.0,2448735.02
6760,6786,2009,Jogo entre Ladrões,Ficção,264062.0,2354983.1
6761,6787,2009,Jogos Mortais 6,Ficção,387379.0,3177613.0
6784,6810,2009,Lua Nova,Ficção,5686210.0,45894366.05
6787,6813,2009,Madagascar 2,Animação,1625864.0,10859504.0
6793,6819,2009,Marley & Eu,Ficção,1223913.0,10166055.0
6808,6834,2009,Michael Jackson This Is It,Documentário,712518.0,6365742.25
6812,6838,2009,Minhas Adoráveis Ex-Namoradas,Ficção,405762.0,3767962.39
6814,6840,2009,Monstros vs Alienígenas,Animação,1418995.0,13576987.0
6828,6855,2009,Noivas em Guerra,Ficção,443250.0,3730047.0
6845,6872,2009,O Corajoso Ratinho Despereaux,Animação,249227.0,1846456.0
6847,6874,2009,O Curioso Caso de Benjamin Button,Ficção,2083246.0,18691102.0
6849,6876,2009,O Dia em que a Terra Parou,Ficção,1458321.0,12062074.0
6853,6880,2009,O Exterminador do Futuro: A Salvação,Ficção,1385608.0,12262255.25
6858,6885,2009,O Grilo Feliz e os Insetos Gigantes,Animação,361030.0,1915058.0
6862,6889,2009,O Leitor,Ficção,406619.0,3782784.92
6864,6891,2009,O Menino da Porteira,Ficção,666625.0,4559799.0
6876,6903,2009,O Sequestro do Metrô 123,Ficção,860582.0,7958011.0
6888,6915,2009,Operação Valquíria,Ficção,1144728.0,9946310.0
6895,6922,2009,Os Fantasmas de Scrooge,Animação,446866.0,5368057.0
6897,6924,2009,Os Normais 2,Ficção,2202640.0,18978259.88
6919,6946,2009,Planeta 51,Animação,526420.0,3807245.16
6923,6950,2009,Presságio,Ficção,943863.0,8479764.59
6936,6963,2009,Quem Quer Ser um Milionário?,Ficção,1379657.0,12860242.05
6950,6977,2009,Salve Geral,Ficção,316077.0,2640159.02
6952,6980,2009,"Se beber, não case!",Ficção,1764821.0,15758293.0
6953,6981,2009,Se Eu Fosse Você 2,Ficção,5786844.0,47622137.0
6957,6985,2009,Sempre ao Seu Lado,Ficção,267744.0,2415179.72
6959,6987,2009,Sete Vidas,Ficção,760304.0,6536613.0
6961,6989,2009,Sexta-Feira 13: Bem-Vindo a Crystal Lake,Ficção,267339.0,2253858.0
6963,6991,2009,Sim Senhor,Ficção,1376092.0,11546965.0
6973,7001,2009,Star Trek,Ficção,396586.0,3736979.0
6975,7003,2009,Substitutos,Ficção,350853.0,3197956.0
6977,7005,2009,Surpresas do Amor,Ficção,257960.0,2184983.64
6980,7008,2009,Te Amarei para Sempre,Ficção,282709.0,2483690.32
6995,7023,2009,Transformers: A Vingança dos Derrotados,Ficção,2149681.0,17483513.0
6998,7026,2009,Tá Chovendo Hamburger,Animação,1421492.0,13763433.25
7006,7034,2009,Um Faz de Conta que Acontece,Ficção,1005573.0,7497636.0
7009,7037,2009,Um Hotel Bom pra Cachorro,Ficção,510608.0,3865896.0
7019,7047,2009,Uma Noite no Museu 2,Ficção,2602771.0,21118969.0
7020,7048,2009,Uma Prova de Amor,Ficção,267916.0,2314547.38
7022,7050,2009,Up - Altas Aventuras,Animação,2047897.0,19421024.5
7026,7055,2009,Velozes e Furiosos 4,Ficção,2308197.0,20010990.0
7043,7072,2009,Watchmen - O Filme,Ficção,539796.0,4630370.0
7044,7073,2009,X-Men Origens: Wolverine,Ficção,3199434.0,27352313.0
7045,7074,2009,Xuxa em o Mistério de Feiurinha,Ficção,250109.0,1766416.65
